Workbook

Sheet README
A1: FCC-Style Resource Planning & Tracking Model
A2: Self-initiated Excel exercise by Priscilla Judi, 2026. ALL DATA IS FICTIONAL.
A3: Work packages are loosely themed on the public Future Circular Collider feasibility study areas; teams, effort and dates are invented for illustration. Not CERN data and not affiliated with CERN.
A5: How it works
A6: 1. Capacity: teams and monthly capacity in person-months (blue = editable input).
A7: 2. Tasks: work packages with owner team, start/end month (1-12) and total effort. Monthly load is calculated.
A8: 3. Allocation: SUMIFS spreads each task's load across its months by team; utilisation = load / capacity.
A9: Red > 100% (over-allocated), amber 85-100% (near limit), green < 85%.
A10: 4. Checks: data-quality tests (missing owner, End before Start, duplicate IDs, months out of range, unknown team).
A11: 5. Summary: headline metrics and peak utilisation chart by team.
A13: Tools: Excel / Google Sheets - SUMIFS, COUNTIFS, SUMPRODUCT, INDEX/MATCH, conditional formatting, data validation, charts.

Sheet Summary
A1: Summary - Resource Utilisation
A3: Work packages | B3: =COUNTA(Tasks!A2:A28) -> 17
A4: Total planned effort (person-months) | B4: =SUM(Tasks!F2:F28) -> 340
A5: Team-months over 100% capacity | B5: =SUM(Allocation!O12:O16) -> 16
A6: Team-months at 85-100% capacity | B6: =SUM(Allocation!P12:P16) -> 10
A7: Team with highest peak utilisation | B7: {=INDEX(Allocation!A12:A16,MATCH(MAX(Allocation!N12:N16),Allocation!N12:N16,0))} -> Detectors & Experiments
A8: Highest peak utilisation | B8: =MAX(Allocation!N12:N16) -> 1.3333333
A9: Data-quality checks passed | B9: =COUNTIF(Checks!C2:C7,"OK")&" of "&COUNTA(Checks!C2:C7) -> 6 of 6
A12: Team | B12: Peak utilisation
A13: =Allocation!A12 -> Civil Engineering & Siting | B13: =Allocation!N12 -> 1.1
A14: =Allocation!A13 -> Accelerator Physics | B14: =Allocation!N13 -> 1.125
A15: =Allocation!A14 -> Magnets & Cryogenics | B15: =Allocation!N14 -> 1.2857143
A16: =Allocation!A15 -> Detectors & Experiments | B16: =Allocation!N15 -> 1.3333333
A17: =Allocation!A16 -> Planning & Resources Office | B17: =Allocation!N16 -> 1.2

Sheet Capacity
A1: Team | B1: Headcount | C1: Capacity (person-months / month)
A2: Civil Engineering & Siting | B2: 10 | C2: =B2*1 -> 10
A3: Accelerator Physics | B3: 8 | C3: =B3*1 -> 8
A4: Magnets & Cryogenics | B4: 7 | C4: =B4*1 -> 7
A5: Detectors & Experiments | B5: 6 | C5: =B5*1 -> 6
A6: Planning & Resources Office | B6: 5 | C6: =B6*1 -> 5
A8: Capacity assumes 1.0 person-month per head per month (no leave/overhead). Edit headcount in blue.

Sheet Tasks
A1: Task ID | B1: Work package | C1: Team | D1: Start month | E1: End month | F1: Total effort (person-months) | G1: Monthly load | H1: Status
A2: WP-01 | B2: Geology & tunnel siting review | C2: Civil Engineering & Siting | D2: 1 | E2: 4 | F2: 20 | G2: =IF(AND(ISNUMBER(D2),ISNUMBER(E2),E2>=D2),F2/(E2-D2+1),0) -> 5 | H2: Complete
A3: WP-02 | B3: Environmental baseline study | C3: Civil Engineering & Siting | D3: 3 | E3: 8 | F3: 24 | G3: =IF(AND(ISNUMBER(D3),ISNUMBER(E3),E3>=D3),F3/(E3-D3+1),0) -> 4 | H3: In progress
A4: WP-03 | B4: Surface sites & access shaft layout | C4: Civil Engineering & Siting | D4: 5 | E4: 10 | F4: 30 | G4: =IF(AND(ISNUMBER(D4),ISNUMBER(E4),E4>=D4),F4/(E4-D4+1),0) -> 5 | H4: In progress
A5: WP-04 | B5: Civil cost estimate inputs | C5: Civil Engineering & Siting | D5: 7 | E5: 9 | F5: 6 | G5: =IF(AND(ISNUMBER(D5),ISNUMBER(E5),E5>=D5),F5/(E5-D5+1),0) -> 2 | H5: Not started
A6: WP-05 | B6: Collider lattice & optics design | C6: Accelerator Physics | D6: 1 | E6: 6 | F6: 30 | G6: =IF(AND(ISNUMBER(D6),ISNUMBER(E6),E6>=D6),F6/(E6-D6+1),0) -> 5 | H6: In progress
A7: WP-06 | B7: Beam dynamics & collimation studies | C7: Accelerator Physics | D7: 4 | E7: 9 | F7: 24 | G7: =IF(AND(ISNUMBER(D7),ISNUMBER(E7),E7>=D7),F7/(E7-D7+1),0) -> 4 | H7: In progress
A8: WP-07 | B8: Injector chain requirements | C8: Accelerator Physics | D8: 7 | E8: 12 | F8: 18 | G8: =IF(AND(ISNUMBER(D8),ISNUMBER(E8),E8>=D8),F8/(E8-D8+1),0) -> 3 | H8: Not started
A9: WP-08 | B9: Superconducting magnet R&D review | C9: Magnets & Cryogenics | D9: 1 | E9: 8 | F9: 40 | G9: =IF(AND(ISNUMBER(D9),ISNUMBER(E9),E9>=D9),F9/(E9-D9+1),0) -> 5 | H9: In progress
A10: WP-09 | B10: Cryogenic system layout | C10: Magnets & Cryogenics | D10: 5 | E10: 11 | F10: 28 | G10: =IF(AND(ISNUMBER(D10),ISNUMBER(E10),E10>=D10),F10/(E10-D10+1),0) -> 4 | H10: Not started
A11: WP-10 | B11: Vacuum system specification | C11: Magnets & Cryogenics | D11: 9 | E11: 12 | F11: 16 | G11: =IF(AND(ISNUMBER(D11),ISNUMBER(E11),E11>=D11),F11/(E11-D11+1),0) -> 4 | H11: Not started
A12: WP-11 | B12: Detector concept requirements | C12: Detectors & Experiments | D12: 2 | E12: 7 | F12: 24 | G12: =IF(AND(ISNUMBER(D12),ISNUMBER(E12),E12>=D12),F12/(E12-D12+1),0) -> 4 | H12: In progress
A13: WP-12 | B13: Physics case & performance studies | C13: Detectors & Experiments | D13: 6 | E13: 12 | F13: 28 | G13: =IF(AND(ISNUMBER(D13),ISNUMBER(E13),E13>=D13),F13/(E13-D13+1),0) -> 4 | H13: Not started
... A18: WP-17 | B18: Risk register & contingency review | C18: Planning & Resources Office | D18: 10 | E18: 12 | F18: 6 | G18: =IF(AND(ISNUMBER(D18),ISNUMBER(E18),E18>=D18),F18/(E18-D18+1),0) -> 2 | H18: Not started

Sheet Allocation
A1: Monthly load by team (person-months)
A2: Team | B2: M1 | C2: M2 | D2: M3 | E2: M4 | F2: M5 | G2: M6 | H2: M7 | I2: M8 | J2: M9 | K2: M10 | L2: M11 | M2: M12
A3: (month number) | B3: 1 | C3: 2 | D3: 3 | E3: 4 | F3: 5 | G3: 6 | H3: 7 | I3: 8 | J3: 9 | K3: 10 | L3: 11 | M3: 12
A4: =Capacity!A2 -> Civil Engineering & Siting | B4: =SUMIFS(Tasks!$G$2:$G$28,Tasks!$C$2:$C$28,$A4,Tasks!$D$2:$D$28,"<="&B$3,Tasks!$E$2:$E$28,">="&B$3) -> 5 | C4: =SUMIFS(Tasks!$G$2:$G$28,Tasks!$C$2:$C$28,$A4,Tasks!$D$2:$D$28,"<="&C$3,Tasks!$E$2:$E$28,">="&C$3) -> 5 | D4: =SUMIFS(Tasks!$G$2:$G$28,Tasks!$C$2:$C$28,$A4,Tasks!$D$2:$D$28,"<="&D$3,Tasks!$E$2:$E$28,">="&D$3) -> 9 | E4: =SUMIFS(Tasks!$G$2:$G$28,Tasks!$C$2:$C$28,$A4,Tasks!$D$2:$D$28,"<="&E$3,Tasks!$E$2:$E$28,">="&E$3) -> 9 | F4: =SUMIFS(Tasks!$G$2:$G$28,Tasks!$C$2:$C$28,$A4,Tasks!$D$2:$D$28,"<="&F$3,Tasks!$E$2:$E$28,">="&F$3) -> 9 | G4: =SUMIFS(Tasks!$G$2:$G$28,Tasks!$C$2:$C$28,$A4,Tasks!$D$2:$D$28,"<="&G$3,Tasks!$E$2:$E$28,">="&G$3) -> 9 | H4: =SUMIFS(Tasks!$G$2:$G$28,Tasks!$C$2:$C$28,$A4,Tasks!$D$2:$D$28,"<="&H$3,Tasks!$E$2:$E$28,">="&H$3) -> 11 | I4: =SUMIFS(Tasks!$G$2:$G$28,Tasks!$C$2:$C$28,$A4,Tasks!$D$2:$D$28,"<="&I$3,Tasks!$E$2:$E$28,">="&I$3) -> 11 | ... M4: =SUMIFS(Tasks!$G$2:$G$28,Tasks!$C$2:$C$28,$A4,Tasks!$D$2:$D$28,"<="&M$3,Tasks!$E$2:$E$28,">="&M$3) -> 0
A5: =Capacity!A3 -> Accelerator Physics | B5: =SUMIFS(Tasks!$G$2:$G$28,Tasks!$C$2:$C$28,$A5,Tasks!$D$2:$D$28,"<="&B$3,Tasks!$E$2:$E$28,">="&B$3) -> 5 | C5: =SUMIFS(Tasks!$G$2:$G$28,Tasks!$C$2:$C$28,$A5,Tasks!$D$2:$D$28,"<="&C$3,Tasks!$E$2:$E$28,">="&C$3) -> 5 | D5: =SUMIFS(Tasks!$G$2:$G$28,Tasks!$C$2:$C$28,$A5,Tasks!$D$2:$D$28,"<="&D$3,Tasks!$E$2:$E$28,">="&D$3) -> 5 | E5: =SUMIFS(Tasks!$G$2:$G$28,Tasks!$C$2:$C$28,$A5,Tasks!$D$2:$D$28,"<="&E$3,Tasks!$E$2:$E$28,">="&E$3) -> 9 | F5: =SUMIFS(Tasks!$G$2:$G$28,Tasks!$C$2:$C$28,$A5,Tasks!$D$2:$D$28,"<="&F$3,Tasks!$E$2:$E$28,">="&F$3) -> 9 | G5: =SUMIFS(Tasks!$G$2:$G$28,Tasks!$C$2:$C$28,$A5,Tasks!$D$2:$D$28,"<="&G$3,Tasks!$E$2:$E$28,">="&G$3) -> 9 | H5: =SUMIFS(Tasks!$G$2:$G$28,Tasks!$C$2:$C$28,$A5,Tasks!$D$2:$D$28,"<="&H$3,Tasks!$E$2:$E$28,">="&H$3) -> 7 | I5: =SUMIFS(Tasks!$G$2:$G$28,Tasks!$C$2:$C$28,$A5,Tasks!$D$2:$D$28,"<="&I$3,Tasks!$E$2:$E$28,">="&I$3) -> 7 | ... M5: =SUMIFS(Tasks!$G$2:$G$28,Tasks!$C$2:$C$28,$A5,Tasks!$D$2:$D$28,"<="&M$3,Tasks!$E$2:$E$28,">="&M$3) -> 3
A6: =Capacity!A4 -> Magnets & Cryogenics | B6: =SUMIFS(Tasks!$G$2:$G$28,Tasks!$C$2:$C$28,$A6,Tasks!$D$2:$D$28,"<="&B$3,Tasks!$E$2:$E$28,">="&B$3) -> 5 | C6: =SUMIFS(Tasks!$G$2:$G$28,Tasks!$C$2:$C$28,$A6,Tasks!$D$2:$D$28,"<="&C$3,Tasks!$E$2:$E$28,">="&C$3) -> 5 | D6: =SUMIFS(Tasks!$G$2:$G$28,Tasks!$C$2:$C$28,$A6,Tasks!$D$2:$D$28,"<="&D$3,Tasks!$E$2:$E$28,">="&D$3) -> 5 | E6: =SUMIFS(Tasks!$G$2:$G$28,Tasks!$C$2:$C$28,$A6,Tasks!$D$2:$D$28,"<="&E$3,Tasks!$E$2:$E$28,">="&E$3) -> 5 | F6: =SUMIFS(Tasks!$G$2:$G$28,Tasks!$C$2:$C$28,$A6,Tasks!$D$2:$D$28,"<="&F$3,Tasks!$E$2:$E$28,">="&F$3) -> 9 | G6: =SUMIFS(Tasks!$G$2:$G$28,Tasks!$C$2:$C$28,$A6,Tasks!$D$2:$D$28,"<="&G$3,Tasks!$E$2:$E$28,">="&G$3) -> 9 | H6: =SUMIFS(Tasks!$G$2:$G$28,Tasks!$C$2:$C$28,$A6,Tasks!$D$2:$D$28,"<="&H$3,Tasks!$E$2:$E$28,">="&H$3) -> 9 | I6: =SUMIFS(Tasks!$G$2:$G$28,Tasks!$C$2:$C$28,$A6,Tasks!$D$2:$D$28,"<="&I$3,Tasks!$E$2:$E$28,">="&I$3) -> 9 | ... M6: =SUMIFS(Tasks!$G$2:$G$28,Tasks!$C$2:$C$28,$A6,Tasks!$D$2:$D$28,"<="&M$3,Tasks!$E$2:$E$28,">="&M$3) -> 4
A7: =Capacity!A5 -> Detectors & Experiments | B7: =SUMIFS(Tasks!$G$2:$G$28,Tasks!$C$2:$C$28,$A7,Tasks!$D$2:$D$28,"<="&B$3,Tasks!$E$2:$E$28,">="&B$3) -> 0 | C7: =SUMIFS(Tasks!$G$2:$G$28,Tasks!$C$2:$C$28,$A7,Tasks!$D$2:$D$28,"<="&C$3,Tasks!$E$2:$E$28,">="&C$3) -> 4 | D7: =SUMIFS(Tasks!$G$2:$G$28,Tasks!$C$2:$C$28,$A7,Tasks!$D$2:$D$28,"<="&D$3,Tasks!$E$2:$E$28,">="&D$3) -> 4 | E7: =SUMIFS(Tasks!$G$2:$G$28,Tasks!$C$2:$C$28,$A7,Tasks!$D$2:$D$28,"<="&E$3,Tasks!$E$2:$E$28,">="&E$3) -> 4 | F7: =SUMIFS(Tasks!$G$2:$G$28,Tasks!$C$2:$C$28,$A7,Tasks!$D$2:$D$28,"<="&F$3,Tasks!$E$2:$E$28,">="&F$3) -> 4 | G7: =SUMIFS(Tasks!$G$2:$G$28,Tasks!$C$2:$C$28,$A7,Tasks!$D$2:$D$28,"<="&G$3,Tasks!$E$2:$E$28,">="&G$3) -> 8 | H7: =SUMIFS(Tasks!$G$2:$G$28,Tasks!$C$2:$C$28,$A7,Tasks!$D$2:$D$28,"<="&H$3,Tasks!$E$2:$E$28,">="&H$3) -> 8 | I7: =SUMIFS(Tasks!$G$2:$G$28,Tasks!$C$2:$C$28,$A7,Tasks!$D$2:$D$28,"<="&I$3,Tasks!$E$2:$E$28,">="&I$3) -> 4 | ... M7: =SUMIFS(Tasks!$G$2:$G$28,Tasks!$C$2:$C$28,$A7,Tasks!$D$2:$D$28,"<="&M$3,Tasks!$E$2:$E$28,">="&M$3) -> 4
A8: =Capacity!A6 -> Planning & Resources Office | B8: =SUMIFS(Tasks!$G$2:$G$28,Tasks!$C$2:$C$28,$A8,Tasks!$D$2:$D$28,"<="&B$3,Tasks!$E$2:$E$28,">="&B$3) -> 3 | C8: =SUMIFS(Tasks!$G$2:$G$28,Tasks!$C$2:$C$28,$A8,Tasks!$D$2:$D$28,"<="&C$3,Tasks!$E$2:$E$28,">="&C$3) -> 6 | D8: =SUMIFS(Tasks!$G$2:$G$28,Tasks!$C$2:$C$28,$A8,Tasks!$D$2:$D$28,"<="&D$3,Tasks!$E$2:$E$28,">="&D$3) -> 6 | E8: =SUMIFS(Tasks!$G$2:$G$28,Tasks!$C$2:$C$28,$A8,Tasks!$D$2:$D$28,"<="&E$3,Tasks!$E$2:$E$28,">="&E$3) -> 5 | F8: =SUMIFS(Tasks!$G$2:$G$28,Tasks!$C$2:$C$28,$A8,Tasks!$D$2:$D$28,"<="&F$3,Tasks!$E$2:$E$28,">="&F$3) -> 5 | G8: =SUMIFS(Tasks!$G$2:$G$28,Tasks!$C$2:$C$28,$A8,Tasks!$D$2:$D$28,"<="&G$3,Tasks!$E$2:$E$28,">="&G$3) -> 5 | H8: =SUMIFS(Tasks!$G$2:$G$28,Tasks!$C$2:$C$28,$A8,Tasks!$D$2:$D$28,"<="&H$3,Tasks!$E$2:$E$28,">="&H$3) -> 2 | I8: =SUMIFS(Tasks!$G$2:$G$28,Tasks!$C$2:$C$28,$A8,Tasks!$D$2:$D$28,"<="&I$3,Tasks!$E$2:$E$28,">="&I$3) -> 4 | ... M8: =SUMIFS(Tasks!$G$2:$G$28,Tasks!$C$2:$C$28,$A8,Tasks!$D$2:$D$28,"<="&M$3,Tasks!$E$2:$E$28,">="&M$3) -> 4
A10: Utilisation (load / capacity)
A11: Team | B11: M1 | C11: M2 | D11: M3 | E11: M4 | F11: M5 | G11: M6 | H11: M7 | I11: M8 | J11: M9 | K11: M10 | L11: M11 | M11: M12 | N11: Peak | O11: Months >100% | P11: Months 85-100%
A12: =Capacity!A2 -> Civil Engineering & Siting | B12: {=IFERROR(B4/INDEX(Capacity!$C$2:$C$6,MATCH($A12,Capacity!$A$2:$A$6,0)),0)} -> 0.5 | C12: {=IFERROR(C4/INDEX(Capacity!$C$2:$C$6,MATCH($A12,Capacity!$A$2:$A$6,0)),0)} -> 0.5 | D12: {=IFERROR(D4/INDEX(Capacity!$C$2:$C$6,MATCH($A12,Capacity!$A$2:$A$6,0)),0)} -> 0.9 | E12: {=IFERROR(E4/INDEX(Capacity!$C$2:$C$6,MATCH($A12,Capacity!$A$2:$A$6,0)),0)} -> 0.9 | F12: {=IFERROR(F4/INDEX(Capacity!$C$2:$C$6,MATCH($A12,Capacity!$A$2:$A$6,0)),0)} -> 0.9 | G12: {=IFERROR(G4/INDEX(Capacity!$C$2:$C$6,MATCH($A12,Capacity!$A$2:$A$6,0)),0)} -> 0.9 | H12: {=IFERROR(H4/INDEX(Capacity!$C$2:$C$6,MATCH($A12,Capacity!$A$2:$A$6,0)),0)} -> 1.1 | I12: {=IFERROR(I4/INDEX(Capacity!$C$2:$C$6,MATCH($A12,Capacity!$A$2:$A$6,0)),0)} -> 1.1 | ... M12: {=IFERROR(M4/INDEX(Capacity!$C$2:$C$6,MATCH($A12,Capacity!$A$2:$A$6,0)),0)} -> 0 | N12: =MAX(B12:M12) -> 1.1 | O12: =COUNTIF(B12:M12,">1") -> 2 | P12: =COUNTIFS(B12:M12,">=0.85",B12:M12,"<=1") -> 4
A13: =Capacity!A3 -> Accelerator Physics | B13: {=IFERROR(B5/INDEX(Capacity!$C$2:$C$6,MATCH($A13,Capacity!$A$2:$A$6,0)),0)} -> 0.625 | C13: {=IFERROR(C5/INDEX(Capacity!$C$2:$C$6,MATCH($A13,Capacity!$A$2:$A$6,0)),0)} -> 0.625 | D13: {=IFERROR(D5/INDEX(Capacity!$C$2:$C$6,MATCH($A13,Capacity!$A$2:$A$6,0)),0)} -> 0.625 | E13: {=IFERROR(E5/INDEX(Capacity!$C$2:$C$6,MATCH($A13,Capacity!$A$2:$A$6,0)),0)} -> 1.125 | F13: {=IFERROR(F5/INDEX(Capacity!$C$2:$C$6,MATCH($A13,Capacity!$A$2:$A$6,0)),0)} -> 1.125 | G13: {=IFERROR(G5/INDEX(Capacity!$C$2:$C$6,MATCH($A13,Capacity!$A$2:$A$6,0)),0)} -> 1.125 | H13: {=IFERROR(H5/INDEX(Capacity!$C$2:$C$6,MATCH($A13,Capacity!$A$2:$A$6,0)),0)} -> 0.875 | I13: {=IFERROR(I5/INDEX(Capacity!$C$2:$C$6,MATCH($A13,Capacity!$A$2:$A$6,0)),0)} -> 0.875 | ... M13: {=IFERROR(M5/INDEX(Capacity!$C$2:$C$6,MATCH($A13,Capacity!$A$2:$A$6,0)),0)} -> 0.375 | N13: =MAX(B13:M13) -> 1.125 | O13: =COUNTIF(B13:M13,">1") -> 3 | P13: =COUNTIFS(B13:M13,">=0.85",B13:M13,"<=1") -> 3
A14: =Capacity!A4 -> Magnets & Cryogenics | B14: {=IFERROR(B6/INDEX(Capacity!$C$2:$C$6,MATCH($A14,Capacity!$A$2:$A$6,0)),0)} -> 0.71428571 | C14: {=IFERROR(C6/INDEX(Capacity!$C$2:$C$6,MATCH($A14,Capacity!$A$2:$A$6,0)),0)} -> 0.71428571 | D14: {=IFERROR(D6/INDEX(Capacity!$C$2:$C$6,MATCH($A14,Capacity!$A$2:$A$6,0)),0)} -> 0.71428571 | E14: {=IFERROR(E6/INDEX(Capacity!$C$2:$C$6,MATCH($A14,Capacity!$A$2:$A$6,0)),0)} -> 0.71428571 | F14: {=IFERROR(F6/INDEX(Capacity!$C$2:$C$6,MATCH($A14,Capacity!$A$2:$A$6,0)),0)} -> 1.2857143 | G14: {=IFERROR(G6/INDEX(Capacity!$C$2:$C$6,MATCH($A14,Capacity!$A$2:$A$6,0)),0)} -> 1.2857143 | H14: {=IFERROR(H6/INDEX(Capacity!$C$2:$C$6,MATCH($A14,Capacity!$A$2:$A$6,0)),0)} -> 1.2857143 | I14: {=IFERROR(I6/INDEX(Capacity!$C$2:$C$6,MATCH($A14,Capacity!$A$2:$A$6,0)),0)} -> 1.2857143 | ... M14: {=IFERROR(M6/INDEX(Capacity!$C$2:$C$6,MATCH($A14,Capacity!$A$2:$A$6,0)),0)} -> 0.57142857 | N14: =MAX(B14:M14) -> 1.2857143 | O14: =COUNTIF(B14:M14,">1") -> 7 | P14: =COUNTIFS(B14:M14,">=0.85",B14:M14,"<=1") -> 0
A15: =Capacity!A5 -> Detectors & Experiments | B15: {=IFERROR(B7/INDEX(Capacity!$C$2:$C$6,MATCH($A15,Capacity!$A$2:$A$6,0)),0)} -> 0 | C15: {=IFERROR(C7/INDEX(Capacity!$C$2:$C$6,MATCH($A15,Capacity!$A$2:$A$6,0)),0)} -> 0.66666667 | D15: {=IFERROR(D7/INDEX(Capacity!$C$2:$C$6,MATCH($A15,Capacity!$A$2:$A$6,0)),0)} -> 0.66666667 | E15: {=IFERROR(E7/INDEX(Capacity!$C$2:$C$6,MATCH($A15,Capacity!$A$2:$A$6,0)),0)} -> 0.66666667 | F15: {=IFERROR(F7/INDEX(Capacity!$C$2:$C$6,MATCH($A15,Capacity!$A$2:$A$6,0)),0)} -> 0.66666667 | G15: {=IFERROR(G7/INDEX(Capacity!$C$2:$C$6,MATCH($A15,Capacity!$A$2:$A$6,0)),0)} -> 1.3333333 | H15: {=IFERROR(H7/INDEX(Capacity!$C$2:$C$6,MATCH($A15,Capacity!$A$2:$A$6,0)),0)} -> 1.3333333 | I15: {=IFERROR(I7/INDEX(Capacity!$C$2:$C$6,MATCH($A15,Capacity!$A$2:$A$6,0)),0)} -> 0.66666667 | ... M15: {=IFERROR(M7/INDEX(Capacity!$C$2:$C$6,MATCH($A15,Capacity!$A$2:$A$6,0)),0)} -> 0.66666667 | N15: =MAX(B15:M15) -> 1.3333333 | O15: =COUNTIF(B15:M15,">1") -> 2 | P15: =COUNTIFS(B15:M15,">=0.85",B15:M15,"<=1") -> 0
A16: =Capacity!A6 -> Planning & Resources Office | B16: {=IFERROR(B8/INDEX(Capacity!$C$2:$C$6,MATCH($A16,Capacity!$A$2:$A$6,0)),0)} -> 0.6 | C16: {=IFERROR(C8/INDEX(Capacity!$C$2:$C$6,MATCH($A16,Capacity!$A$2:$A$6,0)),0)} -> 1.2 | D16: {=IFERROR(D8/INDEX(Capacity!$C$2:$C$6,MATCH($A16,Capacity!$A$2:$A$6,0)),0)} -> 1.2 | E16: {=IFERROR(E8/INDEX(Capacity!$C$2:$C$6,MATCH($A16,Capacity!$A$2:$A$6,0)),0)} -> 1 | F16: {=IFERROR(F8/INDEX(Capacity!$C$2:$C$6,MATCH($A16,Capacity!$A$2:$A$6,0)),0)} -> 1 | G16: {=IFERROR(G8/INDEX(Capacity!$C$2:$C$6,MATCH($A16,Capacity!$A$2:$A$6,0)),0)} -> 1 | H16: {=IFERROR(H8/INDEX(Capacity!$C$2:$C$6,MATCH($A16,Capacity!$A$2:$A$6,0)),0)} -> 0.4 | I16: {=IFERROR(I8/INDEX(Capacity!$C$2:$C$6,MATCH($A16,Capacity!$A$2:$A$6,0)),0)} -> 0.8 | ... M16: {=IFERROR(M8/INDEX(Capacity!$C$2:$C$6,MATCH($A16,Capacity!$A$2:$A$6,0)),0)} -> 0.8 | N16: =MAX(B16:M16) -> 1.2 | O16: =COUNTIF(B16:M16,">1") -> 2 | P16: =COUNTIFS(B16:M16,">=0.85",B16:M16,"<=1") -> 3

Sheet Checks
A1: Data-quality check | B1: Issues found | C1: Result
A2: Tasks with missing team | B2: =COUNTIFS(Tasks!A2:A28,"<>",Tasks!C2:C28,"") -> 0 | C2: =IF(B2=0,"OK","CHECK") -> OK
A3: Tasks with End before Start | B3: =SUMPRODUCT((Tasks!D2:D28<>"")*(Tasks!E2:E28<>"")*(Tasks!E2:E28<Tasks!D2:D28)) -> 0 | C3: =IF(B3=0,"OK","CHECK") -> OK
A4: Duplicate Task IDs | B4: {=SUMPRODUCT((Tasks!A2:A28<>"")*(COUNTIF(Tasks!A2:A28,Tasks!A2:A28)>1))} -> 0 | C4: =IF(B4=0,"OK","CHECK") -> OK
A5: Months outside 1-12 | B5: =SUMPRODUCT((Tasks!D2:D28<>"")*((Tasks!D2:D28<1)+(Tasks!E2:E28>12)>0)) -> 0 | C5: =IF(B5=0,"OK","CHECK") -> OK
A6: Team not in Capacity list | B6: {=SUMPRODUCT((Tasks!C2:C28<>"")*(COUNTIF(Capacity!A2:A6,Tasks!C2:C28)=0))} -> 0 | C6: =IF(B6=0,"OK","CHECK") -> OK
A7: Tasks with missing effort | B7: =COUNTIFS(Tasks!A2:A28,"<>",Tasks!F2:F28,"") -> 0 | C7: =IF(B7=0,"OK","CHECK") -> OK
